{
  "generatedAt": "2026-07-21T16:43:00Z",
  "qcaPackageVersion": "3.25",
  "directLogistic": {
    "x": [300, 600, 900, 1000],
    "thresholds": { "e": 300, "c": 600, "i": 1000 },
    "membership": [0.05000000000000005, 0.5, 0.9009949893028828, 0.9499999999999998]
  },
  "crisp": {
    "x": [84.90000000000001, 85, 85.09999999999999],
    "threshold": 85,
    "membership": [0, 1, 1]
  }
}
